Source,Target,Weight
常遇春,徐達,47
徐達,湯和,29
徐達,李文忠,25
湯和,鄧愈,20
徐達,馮勝,18
傅友德,馮勝,18
徐達,鄧愈,17
李文忠,馮勝,17
傅友德,藍玉,16
李文忠,湯和,15
李文忠,鄧愈,14
傅友德,徐達,14
傅友德,沐英,14
藍玉,馮勝,14
常遇春,湯和,13
常遇春,李文忠,13
傅友德,湯和,12
常遇春,鄧愈,11
湯和,馮勝,11
沐英,藍玉,11
周德興,湯和,10
徐達,沐英,10
俞通海,常遇春,9
周德興,徐達,9
鄧愈,馮勝,9
俞通海,徐達,8
傅友德,周德興,8
徐達,胡大海,7
傅友德,鄧愈,7
李文忠,胡大海,7
常遇春,胡大海,6
胡大海,鄧愈,6
周德興,鄧愈,6
傅友德,顧時,6
湯和,顧時,6
吳良,徐達,6
傅友德,李文忠,6
徐達,陳德,6
湯和,耿炳文,5
俞通海,湯和,5
常遇春,馮勝,5
徐達,顧時,5
沐英,鄧愈,5
沐英,湯和,5
耿炳文,馮勝,5
李文忠,沐英,5
吳良,湯和,4
吳良,耿炳文,4
鄧愈,顧時,4
吳良,李文忠,4
周德興,馮勝,4
吳良,鄧愈,4
吳良,周德興,4
趙庸,陸仲亨,4
徐達,趙庸,4
唐勝宗,藍玉,4
傅友德,唐勝宗,4
常遇春,沐英,4
徐達,耿炳文,4
陳德,馮勝,4
唐勝宗,陸仲亨,4
傅友德,陳德,4
唐勝宗,湯和,4
湯和,趙庸,4
費聚,趙庸,4
費聚,陸仲亨,4
湯和,費聚,3
周德興,李文忠,3
吳良,馮勝,3
李文忠,顧時,3
湯和,藍玉,3
周德興,沐英,3
唐勝宗,耿炳文,3
耿炳文,藍玉,3
俞通海,李文忠,3
俞通海,鄧愈,3
沐英,胡大海,3
吳良,沐英,3
俞通海,胡大海,3
唐勝宗,徐達,3
徐達,陸仲亨,3
李文忠,耿炳文,3
唐勝宗,李文忠,3
李文忠,陳德,3
常遇春,耿炳文,3
唐勝宗,馮勝,3
顧時,馮勝,3
耿炳文,鄧愈,3
唐勝宗,鄧愈,3
耿炳文,顧時,3
耿炳文,陳德,3
唐勝宗,顧時,3
陳德,顧時,3
陸仲亨,顧時,3
傅友德,趙庸,3
趙庸,鄧愈,3
唐勝宗,趙庸,3
唐勝宗,費聚,3
趙庸,顧時,3
藍玉,趙庸,3
徐達,費聚,2
俞通海,吳良,2
周德興,顧時,2
徐達,藍玉,2
周德興,藍玉,2
傅友德,耿炳文,2
湯和,胡大海,2
俞通海,沐英,2
李文忠,陸仲亨,2
常遇春,顧時,2
常遇春,陳德,2
常遇春,陸仲亨,2
陸仲亨,馮勝,2
鄧愈,陳德,2
鄧愈,陸仲亨,2
耿炳文,陸仲亨,2
唐勝宗,陳德,2
陳德,陸仲亨,2
湯和,陸仲亨,2
沐英,馮勝,2
沐英,陸仲亨,2
沐英,費聚,2
耿炳文,趙庸,2
耿炳文,費聚,2
費聚,顧時,2
費聚,陳德,2
常遇春,趙庸,2
李文忠,藍玉,2
藍玉,陸仲亨,2
藍玉,費聚,2
俞通海,耿炳文,1
周德興,常遇春,1
吳良,常遇春,1
吳良,胡大海,1
唐勝宗,常遇春,1
傅友德,吳良,1
傅友德,陸仲亨,1
傅友德,費聚,1
李文忠,趙庸,1
李文忠,費聚,1
湯和,陳德,1
趙庸,馮勝,1
費聚,馮勝,1
費聚,鄧愈,1
沐英,耿炳文,1
唐勝宗,沐英,1
沐英,顧時,1
沐英,趙庸,1
沐英,陳德,1
周德興,耿炳文,1
周德興,唐勝宗,1
周德興,趙庸,1
周德興,陳德,1
周德興,陸仲亨,1
周德興,費聚,1
吳良,唐勝宗,1
吳良,顧時,1
吳良,趙庸,1
吳良,陳德,1
吳良,陸仲亨,1
吳良,費聚,1
趙庸,陳德,1
藍玉,顧時,1
常遇春,費聚,1
傅友德,常遇春,1
常遇春,藍玉,1
