Id,Label,Freq,Degree,WeightedDegree,Community,EigenvectorCentrality
1,徐達,158,19,219,1,0.5029
2,傅友德,97,17,118,0,0.2497
3,李文忠,83,19,130,1,0.3301
4,常遇春,81,19,125,1,0.3631
5,湯和,75,19,154,1,0.3702
6,藍玉,71,14,66,0,0.1266
7,馮勝,61,17,120,0,0.2838
8,鄧愈,54,18,120,1,0.2935
9,沐英,54,19,76,0,0.1653
10,耿炳文,35,18,50,2,0.0976
11,胡大海,29,8,35,1,0.1004
12,周德興,25,17,58,1,0.143
13,俞通海,17,9,36,1,0.1049
14,唐勝宗,16,17,46,2,0.0826
15,吳良,15,18,43,1,0.094
16,顧時,13,17,51,2,0.1051
17,趙庸,13,17,41,2,0.0752
18,陳德,12,16,38,2,0.0818
19,陸仲亨,10,17,39,2,0.0648
20,費聚,9,17,33,2,0.0513
